{"cameraMode":{"drawMode":0,"name":"Shaded","section":"Shading Mode"},"sceneLighting":false,"audioPlay":false,"sceneViewState":{"showFog":true,"showMaterialUpdate":false,"showSkybox":true,"showFlares":true,"showImageEffects":true,"showParticleSystems":true},"in2DMode":false,"pivot":{"x":240.34487915039063,"y":113.11412048339844,"z":223.5238494873047},"rotation":{"x":0.01835467852652073,"y":0.9811587333679199,"z":-0.15069514513015748,"w":0.11950597912073136},"size":49.37046813964844,"orthographic":false}