{"cameraMode":{"drawMode":0,"name":"Shaded","section":"Shading Mode"},"sceneLighting":false,"audioPlay":false,"sceneViewState":{"showFog":true,"showMaterialUpdate":false,"showSkybox":true,"showFlares":true,"showImageEffects":true,"showParticleSystems":true},"in2DMode":false,"pivot":{"x":153.72100830078126,"y":77.15437316894531,"z":220.7649688720703},"rotation":{"x":0.13058942556381226,"y":-0.7543227672576904,"z":0.15793997049331666,"w":0.6236975193023682},"size":185.4256134033203,"orthographic":false}