{"cameraMode":{"drawMode":0,"name":"Shaded","section":"Shading Mode"},"sceneLighting":true,"audioPlay":false,"sceneViewState":{"showFog":true,"showMaterialUpdate":false,"showSkybox":true,"showFlares":true,"showImageEffects":true,"showParticleSystems":true},"in2DMode":false,"pivot":{"x":240.50270080566407,"y":119.71681213378906,"z":232.08168029785157},"rotation":{"x":0.15797999501228333,"y":-0.3133576512336731,"z":0.05295087397098541,"w":0.9349040389060974},"size":2.880972385406494,"orthographic":false}